{"cameraMode":{"drawMode":0,"name":"Shaded","section":"Shading Mode"},"sceneLighting":true,"audioPlay":false,"sceneViewState":{"showFog":true,"showMaterialUpdate":true,"showSkybox":true,"showFlares":true,"showImageEffects":true,"showParticleSystems":true},"in2DMode":false,"pivot":{"x":1.088344693183899,"y":2.3601205348968508,"z":-5.156603813171387},"rotation":{"x":-0.07822968810796738,"y":0.0020902876276522876,"z":-0.00016408265219070017,"w":-0.9969341158866882},"size":1.2247449159622193,"orthographic":false}