{"cameraMode":{"drawMode":0,"name":"Shaded","section":"Shading Mode"},"sceneLighting":false,"audioPlay":false,"sceneViewState":{"showFog":true,"showMaterialUpdate":true,"showSkybox":false,"showFlares":true,"showImageEffects":true,"showParticleSystems":true},"in2DMode":false,"pivot":{"x":6.404001235961914,"y":1.2499288320541382,"z":-0.319027304649353},"rotation":{"x":0.05098358169198036,"y":0.48864877223968508,"z":-0.028618615120649339,"w":0.8705199956893921},"size":2.2118961811065676,"orthographic":false}