{"cameraMode":{"drawMode":0,"name":"Shaded","section":"Shading Mode"},"sceneLighting":false,"audioPlay":false,"sceneViewState":{"showFog":true,"showMaterialUpdate":true,"showSkybox":false,"showFlares":true,"showImageEffects":true,"showParticleSystems":true},"in2DMode":false,"pivot":{"x":0.02918863296508789,"y":5.238415241241455,"z":-0.542694091796875},"rotation":{"x":0.010275822132825852,"y":0.9034239649772644,"z":-0.4280768930912018,"w":0.02168634533882141},"size":7.39288330078125,"orthographic":false}