{"cameraMode":{"drawMode":0,"name":"Shaded","section":"Shading Mode"},"sceneLighting":true,"audioPlay":false,"sceneViewState":{"showFog":true,"showMaterialUpdate":true,"showSkybox":true,"showFlares":true,"showImageEffects":true,"showParticleSystems":true},"in2DMode":false,"pivot":{"x":-4.441801071166992,"y":0.6673566102981567,"z":-1.6485857963562012},"rotation":{"x":0.0243398267775774,"y":0.9455525279045105,"z":-0.31629741191864016,"w":0.07276242226362229},"size":0.7849969267845154,"orthographic":false}