{"cameraMode":{"drawMode":0,"name":"Shaded","section":"Shading Mode"},"sceneLighting":false,"audioPlay":false,"sceneViewState":{"showFog":true,"showMaterialUpdate":true,"showSkybox":false,"showFlares":true,"showImageEffects":true,"showParticleSystems":true},"in2DMode":false,"pivot":{"x":-2.7356719970703127,"y":1.3467292785644532,"z":-0.9503798484802246},"rotation":{"x":-0.030218621715903283,"y":-0.9643085598945618,"z":0.2307746559381485,"w":-0.1262708157300949},"size":4.43367862701416,"orthographic":false}