{"cameraMode":{"drawMode":0,"name":"Shaded","section":"Shading Mode"},"sceneLighting":false,"audioPlay":false,"sceneViewState":{"showFog":true,"showMaterialUpdate":true,"showSkybox":false,"showFlares":true,"showImageEffects":true,"showParticleSystems":true},"in2DMode":false,"pivot":{"x":-0.04786199331283569,"y":0.7230508923530579,"z":-0.09553137421607971},"rotation":{"x":0.05098358169198036,"y":0.48864877223968508,"z":-0.028618615120649339,"w":0.8705199956893921},"size":1.0265617370605469,"orthographic":false}